{
    "dashboard": {
        "keyword": [
            "Dashboard",
            "Home",
            "Panel",
            "Admin",
            "Control center",
            "Overview",
            "Main hub",
            "Management hub",
            "Administrative hub",
            "Central hub",
            "Command center",
            "Administrator portal",
            "Centralized interface",
            "Admin console",
            "Management dashboard",
            "Main screen",
            "Administrative dashboard",
            "Command dashboard",
            "Main control panel"
        ],
        "title": "Dashboard",
        "icon": "las la-home",
        "route_name": "admin.dashboard",
        "menu_active": "admin.dashboard"
    },

    "customer_database": {
        "title": "Customer Database",
        "icon": "las la-address-book",
        "menu_active": "admin.customers*",
        "submenu": [
            {
                "keyword": [
                    "customer database",
                    "customers",
                    "crm",
                    "contact list"
                ],
                "title": "Database",
                "route_name": "admin.customers.index",
                "menu_active": "admin.customers.index"
            },
            {
                "keyword": [
                    "follow up",
                    "follow-up report",
                    "customer follow up",
                    "crm"
                ],
                "title": "Follow-Up Report Log",
                "route_name": "admin.followups.index",
                "menu_active": "admin.followups.index"
            },
            {
                "keyword": [
                    "follow up",
                    "follow-up report",
                    "customer follow up",
                    "crm"
                ],
                "title": "Follow-Up Report ",
                "route_name": "admin.followups.report",
                "menu_active": "admin.followups.report"
            },
            {
                "keyword": [
                    "follow up",
                    "follow-up report",
                    "customer follow up",
                    "crm"
                ],
                "title": "Follow-Up Summaries ",
                "route_name": "admin.followups.summaries",
                "menu_active": "admin.followups.summaries"
            }
        ]
    },
    "access_management": {
        "title": "Access Control",
        "icon": "las la-user-shield",
        "menu_active": "admin.roles*|admin.permissions*",
        "submenu": [
            {
                "keyword": ["roles", "access control", "acl", "security"],
                "title": "Roles",
                "route_name": "admin.roles.index",
                "menu_active": "admin.roles.index"
            },
            {
                "keyword": ["permissions", "access control", "acl", "security"],
                "title": "Permissions",
                "route_name": "admin.permissions.index",
                "menu_active": "admin.permissions.index"
            },
            {
                "keyword": ["users", "access control", "acl", "security"],
                "title": "Users",
                "route_name": "admin.admin-users.index",
                "menu_active": "admin.admin-users.index"
            }
            
        ]
    }
}
